"DIMENSION";"BANDWIDTH";"TOTAL";"SCORE";"PERCENTAGE";"ELLAPSED_TIME"
"1d";"0";"960";"666";"0.69375";"59.61571407318115"
"1d";"0.01";"960";"666";"0.69375";"58.06608486175537"
"1d";"0.05";"960";"722";"0.7520833333333333";"58.214330196380615"
"1d";"0.1";"960";"781";"0.8135416666666667";"61.71975803375244"
"1d";"0.2";"960";"825";"0.859375";"65.56749391555786"
"1d";"0.5";"960";"815";"0.8489583333333334";"83.14348196983337"
"1d";"1";"960";"814";"0.8479166666666667";"102.51166701316833"
